id,firstName,lastName,email,gender,contact,country,dob
1,Mahesh,Mane,m@gmail.com,M,7744807198,India,31/08/1997
2,Sachin,Patil,s@gmail.com,M,7744885500,India,31/08/1993
3,Mahesh,Mane,m@gmail.com,M,7744963802,India,31/08/1989
4,Sachin,Patil,s@gmail.com,M,7745042104,India,31/08/1985
5,Mahesh,Mane,m@gmail.com,M,7745120406,India,31/08/1981
6,Sachin,Patil,s@gmail.com,M,7745198708,India,31/08/1977
7,Mahesh,Mane,m@gmail.com,M,7745277010,India,31/08/1973
8,Sachin,Patil,s@gmail.com,M,7745355312,India,31/08/1969
9,Mahesh,Mane,m@gmail.com,M,7745433614,India,31/08/1965
10,Sachin,Patil,s@gmail.com,M,7745511916,India,31/08/1961
11,Mahesh,Mane,m@gmail.com,M,7745590218,India,31/08/1957
12,Sachin,Patil,s@gmail.com,M,7745668520,India,31/08/1953
13,Mahesh,Mane,m@gmail.com,M,7745746822,India,31/08/1949
14,Sachin,Patil,s@gmail.com,M,7745825124,India,31/08/1945
15,Mahesh,Mane,m@gmail.com,M,7745903426,India,31/08/1941
16,Sachin,Patil,s@gmail.com,M,7745981728,India,31/08/1937
17,Mahesh,Mane,m@gmail.com,M,7746060030,India,31/08/1933
18,Sachin,Patil,s@gmail.com,M,7746138332,India,31/08/1929
19,Mahesh,Mane,m@gmail.com,M,7746216634,India,31/08/1925
20,Sachin,Patil,s@gmail.com,M,7746294936,India,31/08/1921
21,Mahesh,Mane,m@gmail.com,M,7746373238,India,31/08/1917
22,Sachin,Patil,s@gmail.com,M,7746451540,India,31/08/1913
23,Mahesh,Mane,m@gmail.com,M,7746529842,India,31/08/1909
24,Sachin,Patil,s@gmail.com,M,7746608144,India,31/08/1905
25,Mahesh,Mane,m@gmail.com,M,7746686446,India,31/08/1901
26,Sachin,Patil,s@gmail.com,M,7746764748,India,31/08/1897
27,Mahesh,Mane,m@gmail.com,M,7746843050,India,31/08/1893
28,Sachin,Patil,s@gmail.com,M,7746921352,India,31/08/1889
29,Mahesh,Mane,m@gmail.com,M,7746999654,India,31/08/1885
30,Sachin,Patil,s@gmail.com,M,7747077956,India,31/08/1881
31,Mahesh,Mane,m@gmail.com,M,7747156258,India,31/08/1877
32,Sachin,Patil,s@gmail.com,M,7747234560,India,31/08/1873
33,Mahesh,Mane,m@gmail.com,M,7747312862,India,31/08/1869
34,Sachin,Patil,s@gmail.com,M,7747391164,India,31/08/1865
35,Mahesh,Mane,m@gmail.com,M,7747469466,India,31/08/1861
36,Sachin,Patil,s@gmail.com,M,7747547768,India,31/08/1857
37,Mahesh,Mane,m@gmail.com,M,7747626070,India,31/08/1853
38,Sachin,Patil,s@gmail.com,M,7747704372,India,31/08/1849
39,Mahesh,Mane,m@gmail.com,M,7747782674,India,31/08/1845
40,Sachin,Patil,s@gmail.com,M,7747860976,India,31/08/1841
41,Mahesh,Mane,m@gmail.com,M,7747939278,India,31/08/1837
42,Sachin,Patil,s@gmail.com,M,7748017580,India,31/08/1833
43,Mahesh,Mane,m@gmail.com,M,7748095882,India,31/08/1829
44,Sachin,Patil,s@gmail.com,M,7748174184,India,31/08/1825
45,Mahesh,Mane,m@gmail.com,M,7748252486,India,31/08/1821
46,Sachin,Patil,s@gmail.com,M,7748330788,India,31/08/1817
47,Mahesh,Mane,m@gmail.com,M,7748409090,India,31/08/1813
48,Sachin,Patil,s@gmail.com,M,7748487392,India,31/08/1809
49,Mahesh,Mane,m@gmail.com,M,7748565694,India,31/08/1805
50,Sachin,Patil,s@gmail.com,M,7748643996,India,31/08/1801
51,Mahesh,Mane,m@gmail.com,M,7748722298,India,31/08/1797
52,Sachin,Patil,s@gmail.com,M,7748800600,India,31/08/1793
53,Mahesh,Mane,m@gmail.com,M,7748878902,India,31/08/1789
54,Sachin,Patil,s@gmail.com,M,7748957204,India,31/08/1785
55,Mahesh,Mane,m@gmail.com,M,7749035506,India,31/08/1781
56,Sachin,Patil,s@gmail.com,M,7749113808,India,31/08/1777
57,Mahesh,Mane,m@gmail.com,M,7749192110,India,31/08/1773
58,Sachin,Patil,s@gmail.com,M,7749270412,India,31/08/1769
59,Mahesh,Mane,m@gmail.com,M,7749348714,India,31/08/1765
60,Sachin,Patil,s@gmail.com,M,7749427016,India,31/08/1761
61,Mahesh,Mane,m@gmail.com,M,7749505318,India,31/08/1757
62,Sachin,Patil,s@gmail.com,M,7749583620,India,31/08/1753
63,Mahesh,Mane,m@gmail.com,M,7749661922,India,31/08/1749
64,Sachin,Patil,s@gmail.com,M,7749740224,India,31/08/1745
65,Mahesh,Mane,m@gmail.com,M,7749818526,India,31/08/1741
66,Sachin,Patil,s@gmail.com,M,7749896828,India,31/08/1737
67,Mahesh,Mane,m@gmail.com,M,7749975130,India,31/08/1733
68,Sachin,Patil,s@gmail.com,M,7750053432,India,31/08/1729
69,Mahesh,Mane,m@gmail.com,M,7750131734,India,31/08/1725
70,Sachin,Patil,s@gmail.com,M,7750210036,India,31/08/1721
71,Mahesh,Mane,m@gmail.com,M,7750288338,India,31/08/1717
72,Sachin,Patil,s@gmail.com,M,7750366640,India,31/08/1713
73,Mahesh,Mane,m@gmail.com,M,7750444942,India,31/08/1709
74,Sachin,Patil,s@gmail.com,M,7750523244,India,31/08/1705
75,Mahesh,Mane,m@gmail.com,M,7750601546,India,31/08/1701
76,Sachin,Patil,s@gmail.com,M,7750679848,India,31/08/1697
77,Mahesh,Mane,m@gmail.com,M,7750758150,India,31/08/1693
78,Sachin,Patil,s@gmail.com,M,7750836452,India,31/08/1689
79,Mahesh,Mane,m@gmail.com,M,7750914754,India,31/08/1685
80,Sachin,Patil,s@gmail.com,M,7750993056,India,31/08/1681
81,Mahesh,Mane,m@gmail.com,M,7751071358,India,31/08/1677
82,Sachin,Patil,s@gmail.com,M,7751149660,India,31/08/1673
83,Mahesh,Mane,m@gmail.com,M,7751227962,India,31/08/1669
84,Sachin,Patil,s@gmail.com,M,7751306264,India,31/08/1665
85,Mahesh,Mane,m@gmail.com,M,7751384566,India,31/08/1661
86,Sachin,Patil,s@gmail.com,M,7751462868,India,31/08/1657
87,Mahesh,Mane,m@gmail.com,M,7751541170,India,31/08/1653
88,Sachin,Patil,s@gmail.com,M,7751619472,India,31/08/1649
89,Mahesh,Mane,m@gmail.com,M,7751697774,India,31/08/1645
90,Sachin,Patil,s@gmail.com,M,7751776076,India,31/08/1641
91,Mahesh,Mane,m@gmail.com,M,7751854378,India,31/08/1637
92,Sachin,Patil,s@gmail.com,M,7751932680,India,31/08/1633
93,Mahesh,Mane,m@gmail.com,M,7752010982,India,31/08/1629
94,Sachin,Patil,s@gmail.com,M,7752089284,India,31/08/1625
95,Mahesh,Mane,m@gmail.com,M,7752167586,India,31/08/1621
96,Sachin,Patil,s@gmail.com,M,7752245888,India,31/08/1617
97,Mahesh,Mane,m@gmail.com,M,7752324190,India,31/08/1613
98,Sachin,Patil,s@gmail.com,M,7752402492,India,31/08/1609
99,Mahesh,Mane,m@gmail.com,M,7752480794,India,31/08/1605
100,Sachin,Patil,s@gmail.com,M,7752559096,India,31/08/1601
101,Mahesh,Mane,m@gmail.com,M,7752637398,India,31/08/1597
102,Sachin,Patil,s@gmail.com,M,7752715700,India,31/08/1593
103,Mahesh,Mane,m@gmail.com,M,7752794002,India,31/08/1589
104,Sachin,Patil,s@gmail.com,M,7752872304,India,31/08/1585
105,Mahesh,Mane,m@gmail.com,M,7752950606,India,31/08/1581
106,Sachin,Patil,s@gmail.com,M,7753028908,India,31/08/1577
107,Mahesh,Mane,m@gmail.com,M,7753107210,India,31/08/1573
108,Sachin,Patil,s@gmail.com,M,7753185512,India,31/08/1569
109,Mahesh,Mane,m@gmail.com,M,7753263814,India,31/08/1565
110,Sachin,Patil,s@gmail.com,M,7753342116,India,31/08/1561
111,Mahesh,Mane,m@gmail.com,M,7753420418,India,31/08/1557
112,Sachin,Patil,s@gmail.com,M,7753498720,India,31/08/1553
113,Mahesh,Mane,m@gmail.com,M,7753577022,India,31/08/1549
114,Sachin,Patil,s@gmail.com,M,7753655324,India,31/08/1545
115,Mahesh,Mane,m@gmail.com,M,7753733626,India,31/08/1541
116,Sachin,Patil,s@gmail.com,M,7753811928,India,31/08/1537
117,Mahesh,Mane,m@gmail.com,M,7753890230,India,31/08/1533
118,Sachin,Patil,s@gmail.com,M,7753968532,India,31/08/1529
119,Mahesh,Mane,m@gmail.com,M,7754046834,India,31/08/1525
120,Sachin,Patil,s@gmail.com,M,7754125136,India,31/08/1521
121,Mahesh,Mane,m@gmail.com,M,7754203438,India,31/08/1517
122,Sachin,Patil,s@gmail.com,M,7754281740,India,31/08/1513
123,Mahesh,Mane,m@gmail.com,M,7754360042,India,31/08/1509
124,Sachin,Patil,s@gmail.com,M,7754438344,India,31/08/1505
125,Mahesh,Mane,m@gmail.com,M,7754516646,India,31/08/1501
126,Sachin,Patil,s@gmail.com,M,7754594948,India,31/08/1497
127,Mahesh,Mane,m@gmail.com,M,7754673250,India,31/08/1493
128,Sachin,Patil,s@gmail.com,M,7754751552,India,31/08/1489
129,Mahesh,Mane,m@gmail.com,M,7754829854,India,31/08/1485
130,Sachin,Patil,s@gmail.com,M,7754908156,India,31/08/1481
131,Mahesh,Mane,m@gmail.com,M,7754986458,India,31/08/1477
132,Sachin,Patil,s@gmail.com,M,7755064760,India,31/08/1473
133,Mahesh,Mane,m@gmail.com,M,7755143062,India,31/08/1469
134,Sachin,Patil,s@gmail.com,M,7755221364,India,31/08/1465
135,Mahesh,Mane,m@gmail.com,M,7755299666,India,31/08/1461
136,Sachin,Patil,s@gmail.com,M,7755377968,India,31/08/1457
137,Mahesh,Mane,m@gmail.com,M,7755456270,India,31/08/1453
138,Sachin,Patil,s@gmail.com,M,7755534572,India,31/08/1449
139,Mahesh,Mane,m@gmail.com,M,7755612874,India,31/08/1445
140,Sachin,Patil,s@gmail.com,M,7755691176,India,31/08/1441
141,Mahesh,Mane,m@gmail.com,M,7755769478,India,31/08/1437
142,Sachin,Patil,s@gmail.com,M,7755847780,India,31/08/1433
143,Mahesh,Mane,m@gmail.com,M,7755926082,India,31/08/1429
144,Sachin,Patil,s@gmail.com,M,7756004384,India,31/08/1425
145,Mahesh,Mane,m@gmail.com,M,7756082686,India,31/08/1421
146,Sachin,Patil,s@gmail.com,M,7756160988,India,31/08/1417
147,Mahesh,Mane,m@gmail.com,M,7756239290,India,31/08/1413
148,Sachin,Patil,s@gmail.com,M,7756317592,India,31/08/1409
149,Mahesh,Mane,m@gmail.com,M,7756395894,India,31/08/1405
150,Sachin,Patil,s@gmail.com,M,7756474196,India,31/08/1401
151,Mahesh,Mane,m@gmail.com,M,7756552498,India,31/08/1397
152,Sachin,Patil,s@gmail.com,M,7756630800,India,31/08/1393
153,Mahesh,Mane,m@gmail.com,M,7756709102,India,31/08/1389
154,Sachin,Patil,s@gmail.com,M,7756787404,India,31/08/1385
155,Mahesh,Mane,m@gmail.com,M,7756865706,India,31/08/1381
156,Sachin,Patil,s@gmail.com,M,7756944008,India,31/08/1377
157,Mahesh,Mane,m@gmail.com,M,7757022310,India,31/08/1373
158,Sachin,Patil,s@gmail.com,M,7757100612,India,31/08/1369
159,Mahesh,Mane,m@gmail.com,M,7757178914,India,31/08/1365
160,Sachin,Patil,s@gmail.com,M,7757257216,India,31/08/1361
161,Mahesh,Mane,m@gmail.com,M,7757335518,India,31/08/1357
162,Sachin,Patil,s@gmail.com,M,7757413820,India,31/08/1353
163,Mahesh,Mane,m@gmail.com,M,7757492122,India,31/08/1349
164,Sachin,Patil,s@gmail.com,M,7757570424,India,31/08/1345
165,Mahesh,Mane,m@gmail.com,M,7757648726,India,31/08/1341
166,Sachin,Patil,s@gmail.com,M,7757727028,India,31/08/1337
167,Mahesh,Mane,m@gmail.com,M,7757805330,India,31/08/1333
168,Sachin,Patil,s@gmail.com,M,7757883632,India,31/08/1329
169,Mahesh,Mane,m@gmail.com,M,7757961934,India,31/08/1325
170,Sachin,Patil,s@gmail.com,M,7758040236,India,31/08/1321
171,Mahesh,Mane,m@gmail.com,M,7758118538,India,31/08/1317
172,Sachin,Patil,s@gmail.com,M,7758196840,India,31/08/1313
173,Mahesh,Mane,m@gmail.com,M,7758275142,India,31/08/1309
174,Sachin,Patil,s@gmail.com,M,7758353444,India,31/08/1305
175,Mahesh,Mane,m@gmail.com,M,7758431746,India,31/08/1301
176,Sachin,Patil,s@gmail.com,M,7758510048,India,31/08/1297
177,Mahesh,Mane,m@gmail.com,M,7758588350,India,31/08/1293
178,Sachin,Patil,s@gmail.com,M,7758666652,India,31/08/1289
179,Mahesh,Mane,m@gmail.com,M,7758744954,India,31/08/1285
180,Sachin,Patil,s@gmail.com,M,7758823256,India,31/08/1281
181,Mahesh,Mane,m@gmail.com,M,7758901558,India,31/08/1277
182,Sachin,Patil,s@gmail.com,M,7758979860,India,31/08/1273
183,Mahesh,Mane,m@gmail.com,M,7759058162,India,31/08/1269
184,Sachin,Patil,s@gmail.com,M,7759136464,India,31/08/1265
185,Mahesh,Mane,m@gmail.com,M,7759214766,India,31/08/1261
186,Sachin,Patil,s@gmail.com,M,7759293068,India,31/08/1257
187,Mahesh,Mane,m@gmail.com,M,7759371370,India,31/08/1253
188,Sachin,Patil,s@gmail.com,M,7759449672,India,31/08/1249
189,Mahesh,Mane,m@gmail.com,M,7759527974,India,31/08/1245
190,Sachin,Patil,s@gmail.com,M,7759606276,India,31/08/1241
191,Mahesh,Mane,m@gmail.com,M,7759684578,India,31/08/1237
192,Sachin,Patil,s@gmail.com,M,7759762880,India,31/08/1233
193,Mahesh,Mane,m@gmail.com,M,7759841182,India,31/08/1229
194,Sachin,Patil,s@gmail.com,M,7759919484,India,31/08/1225
195,Mahesh,Mane,m@gmail.com,M,7759997786,India,31/08/1221
196,Sachin,Patil,s@gmail.com,M,7760076088,India,31/08/1217
197,Mahesh,Mane,m@gmail.com,M,7760154390,India,31/08/1213
198,Sachin,Patil,s@gmail.com,M,7760232692,India,31/08/1209
199,Mahesh,Mane,m@gmail.com,M,7760310994,India,31/08/1205
200,Sachin,Patil,s@gmail.com,M,7760389296,India,31/08/1201
201,Mahesh,Mane,m@gmail.com,M,7760467598,India,31/08/1197
202,Sachin,Patil,s@gmail.com,M,7760545900,India,31/08/1193
203,Mahesh,Mane,m@gmail.com,M,7760624202,India,31/08/1189
204,Sachin,Patil,s@gmail.com,M,7760702504,India,31/08/1185
205,Mahesh,Mane,m@gmail.com,M,7760780806,India,31/08/1181
206,Sachin,Patil,s@gmail.com,M,7760859108,India,31/08/1177
207,Mahesh,Mane,m@gmail.com,M,7760937410,India,31/08/1173
208,Sachin,Patil,s@gmail.com,M,7761015712,India,31/08/1169
209,Mahesh,Mane,m@gmail.com,M,7761094014,India,31/08/1165
210,Sachin,Patil,s@gmail.com,M,7761172316,India,31/08/1161
211,Mahesh,Mane,m@gmail.com,M,7761250618,India,31/08/1157
212,Sachin,Patil,s@gmail.com,M,7761328920,India,31/08/1153
213,Mahesh,Mane,m@gmail.com,M,7761407222,India,31/08/1149
214,Sachin,Patil,s@gmail.com,M,7761485524,India,31/08/1145
215,Mahesh,Mane,m@gmail.com,M,7761563826,India,31/08/1141
216,Sachin,Patil,s@gmail.com,M,7761642128,India,31/08/1137
217,Mahesh,Mane,m@gmail.com,M,7761720430,India,31/08/1133
218,Sachin,Patil,s@gmail.com,M,7761798732,India,31/08/1129
219,Mahesh,Mane,m@gmail.com,M,7761877034,India,31/08/1125
220,Sachin,Patil,s@gmail.com,M,7761955336,India,31/08/1121
221,Mahesh,Mane,m@gmail.com,M,7762033638,India,31/08/1117
222,Sachin,Patil,s@gmail.com,M,7762111940,India,31/08/1113
223,Mahesh,Mane,m@gmail.com,M,7762190242,India,31/08/1109
224,Sachin,Patil,s@gmail.com,M,7762268544,India,31/08/1105
225,Mahesh,Mane,m@gmail.com,M,7762346846,India,31/08/1101
226,Sachin,Patil,s@gmail.com,M,7762425148,India,31/08/1097
227,Mahesh,Mane,m@gmail.com,M,7762503450,India,31/08/1093
228,Sachin,Patil,s@gmail.com,M,7762581752,India,31/08/1089
229,Mahesh,Mane,m@gmail.com,M,7762660054,India,31/08/1085
230,Sachin,Patil,s@gmail.com,M,7762738356,India,31/08/1081
231,Mahesh,Mane,m@gmail.com,M,7762816658,India,31/08/1077
232,Sachin,Patil,s@gmail.com,M,7762894960,India,31/08/1073
233,Mahesh,Mane,m@gmail.com,M,7762973262,India,31/08/1069
234,Sachin,Patil,s@gmail.com,M,7763051564,India,31/08/1065
235,Mahesh,Mane,m@gmail.com,M,7763129866,India,31/08/1061
236,Sachin,Patil,s@gmail.com,M,7763208168,India,31/08/1057
237,Mahesh,Mane,m@gmail.com,M,7763286470,India,31/08/1053
238,Sachin,Patil,s@gmail.com,M,7763364772,India,31/08/1049
239,Mahesh,Mane,m@gmail.com,M,7763443074,India,31/08/1045
240,Sachin,Patil,s@gmail.com,M,7763521376,India,31/08/1041
241,Mahesh,Mane,m@gmail.com,M,7763599678,India,31/08/1037
242,Sachin,Patil,s@gmail.com,M,7763677980,India,31/08/1033
243,Mahesh,Mane,m@gmail.com,M,7763756282,India,31/08/1029
244,Sachin,Patil,s@gmail.com,M,7763834584,India,31/08/1025
245,Mahesh,Mane,m@gmail.com,M,7763912886,India,31/08/1021
246,Sachin,Patil,s@gmail.com,M,7763991188,India,31/08/1017
247,Mahesh,Mane,m@gmail.com,M,7764069490,India,31/08/1013
248,Sachin,Patil,s@gmail.com,M,7764147792,India,31/08/1009
249,Mahesh,Mane,m@gmail.com,M,7764226094,India,31/08/1005
250,Sachin,Patil,s@gmail.com,M,7764304396,India,31/08/1001
251,Mahesh,Mane,m@gmail.com,M,7764382698,India,31/08/0997
252,Sachin,Patil,s@gmail.com,M,7764461000,India,31/08/0993
253,Mahesh,Mane,m@gmail.com,M,7764539302,India,31/08/0989
254,Sachin,Patil,s@gmail.com,M,7764617604,India,31/08/0985
255,Mahesh,Mane,m@gmail.com,M,7764695906,India,31/08/0981
256,Sachin,Patil,s@gmail.com,M,7764774208,India,31/08/0977
257,Mahesh,Mane,m@gmail.com,M,7764852510,India,31/08/0973
258,Sachin,Patil,s@gmail.com,M,7764930812,India,31/08/0969
259,Mahesh,Mane,m@gmail.com,M,7765009114,India,31/08/0965
260,Sachin,Patil,s@gmail.com,M,7765087416,India,31/08/0961
261,Mahesh,Mane,m@gmail.com,M,7765165718,India,31/08/0957
262,Sachin,Patil,s@gmail.com,M,7765244020,India,31/08/0953
263,Mahesh,Mane,m@gmail.com,M,7765322322,India,31/08/0949
264,Sachin,Patil,s@gmail.com,M,7765400624,India,31/08/0945
265,Mahesh,Mane,m@gmail.com,M,7765478926,India,31/08/0941
266,Sachin,Patil,s@gmail.com,M,7765557228,India,31/08/0937
267,Mahesh,Mane,m@gmail.com,M,7765635530,India,31/08/0933
268,Sachin,Patil,s@gmail.com,M,7765713832,India,31/08/0929
269,Mahesh,Mane,m@gmail.com,M,7765792134,India,31/08/0925
270,Sachin,Patil,s@gmail.com,M,7765870436,India,31/08/0921
271,Mahesh,Mane,m@gmail.com,M,7765948738,India,31/08/0917
272,Sachin,Patil,s@gmail.com,M,7766027040,India,31/08/0913
273,Mahesh,Mane,m@gmail.com,M,7766105342,India,31/08/0909
274,Sachin,Patil,s@gmail.com,M,7766183644,India,31/08/0905
275,Mahesh,Mane,m@gmail.com,M,7766261946,India,31/08/0901
276,Sachin,Patil,s@gmail.com,M,7766340248,India,31/08/0897
277,Mahesh,Mane,m@gmail.com,M,7766418550,India,31/08/0893
278,Sachin,Patil,s@gmail.com,M,7766496852,India,31/08/0889
279,Mahesh,Mane,m@gmail.com,M,7766575154,India,31/08/0885
280,Sachin,Patil,s@gmail.com,M,7766653456,India,31/08/0881
281,Mahesh,Mane,m@gmail.com,M,7766731758,India,31/08/0877
282,Sachin,Patil,s@gmail.com,M,7766810060,India,31/08/0873
283,Mahesh,Mane,m@gmail.com,M,7766888362,India,31/08/0869
284,Sachin,Patil,s@gmail.com,M,7766966664,India,31/08/0865
285,Mahesh,Mane,m@gmail.com,M,7767044966,India,31/08/0861
286,Sachin,Patil,s@gmail.com,M,7767123268,India,31/08/0857
287,Mahesh,Mane,m@gmail.com,M,7767201570,India,31/08/0853
288,Sachin,Patil,s@gmail.com,M,7767279872,India,31/08/0849
289,Mahesh,Mane,m@gmail.com,M,7767358174,India,31/08/0845
290,Sachin,Patil,s@gmail.com,M,7767436476,India,31/08/0841
291,Mahesh,Mane,m@gmail.com,M,7767514778,India,31/08/0837
292,Sachin,Patil,s@gmail.com,M,7767593080,India,31/08/0833
293,Mahesh,Mane,m@gmail.com,M,7767671382,India,31/08/0829
294,Sachin,Patil,s@gmail.com,M,7767749684,India,31/08/0825
295,Mahesh,Mane,m@gmail.com,M,7767827986,India,31/08/0821
296,Sachin,Patil,s@gmail.com,M,7767906288,India,31/08/0817
297,Mahesh,Mane,m@gmail.com,M,7767984590,India,31/08/0813
298,Sachin,Patil,s@gmail.com,M,7768062892,India,31/08/0809
299,Mahesh,Mane,m@gmail.com,M,7768141194,India,31/08/0805
300,Sachin,Patil,s@gmail.com,M,7768219496,India,31/08/0801
301,Mahesh,Mane,m@gmail.com,M,7768297798,India,31/08/0797
302,Sachin,Patil,s@gmail.com,M,7768376100,India,31/08/0793
303,Mahesh,Mane,m@gmail.com,M,7768454402,India,31/08/0789
304,Sachin,Patil,s@gmail.com,M,7768532704,India,31/08/0785
305,Mahesh,Mane,m@gmail.com,M,7768611006,India,31/08/0781
306,Sachin,Patil,s@gmail.com,M,7768689308,India,31/08/0777
307,Mahesh,Mane,m@gmail.com,M,7768767610,India,31/08/0773
308,Sachin,Patil,s@gmail.com,M,7768845912,India,31/08/0769
309,Mahesh,Mane,m@gmail.com,M,7768924214,India,31/08/0765
310,Sachin,Patil,s@gmail.com,M,7769002516,India,31/08/0761
311,Mahesh,Mane,m@gmail.com,M,7769080818,India,31/08/0757
312,Sachin,Patil,s@gmail.com,M,7769159120,India,31/08/0753
313,Mahesh,Mane,m@gmail.com,M,7769237422,India,31/08/0749
314,Sachin,Patil,s@gmail.com,M,7769315724,India,31/08/0745
315,Mahesh,Mane,m@gmail.com,M,7769394026,India,31/08/0741
316,Sachin,Patil,s@gmail.com,M,7769472328,India,31/08/0737
317,Mahesh,Mane,m@gmail.com,M,7769550630,India,31/08/0733
318,Sachin,Patil,s@gmail.com,M,7769628932,India,31/08/0729
319,Mahesh,Mane,m@gmail.com,M,7769707234,India,31/08/0725
320,Sachin,Patil,s@gmail.com,M,7769785536,India,31/08/0721
321,Mahesh,Mane,m@gmail.com,M,7769863838,India,31/08/0717
322,Sachin,Patil,s@gmail.com,M,7769942140,India,31/08/0713
323,Mahesh,Mane,m@gmail.com,M,7770020442,India,31/08/0709
324,Sachin,Patil,s@gmail.com,M,7770098744,India,31/08/0705
325,Mahesh,Mane,m@gmail.com,M,7770177046,India,31/08/0701
326,Sachin,Patil,s@gmail.com,M,7770255348,India,31/08/0697
327,Mahesh,Mane,m@gmail.com,M,7770333650,India,31/08/0693
328,Sachin,Patil,s@gmail.com,M,7770411952,India,31/08/0689
329,Mahesh,Mane,m@gmail.com,M,7770490254,India,31/08/0685
330,Sachin,Patil,s@gmail.com,M,7770568556,India,31/08/0681
331,Mahesh,Mane,m@gmail.com,M,7770646858,India,31/08/0677
332,Sachin,Patil,s@gmail.com,M,7770725160,India,31/08/0673
333,Mahesh,Mane,m@gmail.com,M,7770803462,India,31/08/0669
334,Sachin,Patil,s@gmail.com,M,7770881764,India,31/08/0665
335,Mahesh,Mane,m@gmail.com,M,7770960066,India,31/08/0661
336,Sachin,Patil,s@gmail.com,M,7771038368,India,31/08/0657
337,Mahesh,Mane,m@gmail.com,M,7771116670,India,31/08/0653
338,Sachin,Patil,s@gmail.com,M,7771194972,India,31/08/0649
339,Mahesh,Mane,m@gmail.com,M,7771273274,India,31/08/0645
340,Sachin,Patil,s@gmail.com,M,7771351576,India,31/08/0641
341,Mahesh,Mane,m@gmail.com,M,7771429878,India,31/08/0637
342,Sachin,Patil,s@gmail.com,M,7771508180,India,31/08/0633
343,Mahesh,Mane,m@gmail.com,M,7771586482,India,31/08/0629
344,Sachin,Patil,s@gmail.com,M,7771664784,India,31/08/0625
345,Mahesh,Mane,m@gmail.com,M,7771743086,India,31/08/0621
346,Sachin,Patil,s@gmail.com,M,7771821388,India,31/08/0617
347,Mahesh,Mane,m@gmail.com,M,7771899690,India,31/08/0613
348,Sachin,Patil,s@gmail.com,M,7771977992,India,31/08/0609
349,Mahesh,Mane,m@gmail.com,M,7772056294,India,31/08/0605
350,Sachin,Patil,s@gmail.com,M,7772134596,India,31/08/0601
351,Mahesh,Mane,m@gmail.com,M,7772212898,India,31/08/0597
352,Sachin,Patil,s@gmail.com,M,7772291200,India,31/08/0593
353,Mahesh,Mane,m@gmail.com,M,7772369502,India,31/08/0589
354,Sachin,Patil,s@gmail.com,M,7772447804,India,31/08/0585
355,Mahesh,Mane,m@gmail.com,M,7772526106,India,31/08/0581
356,Sachin,Patil,s@gmail.com,M,7772604408,India,31/08/0577
357,Mahesh,Mane,m@gmail.com,M,7772682710,India,31/08/0573
358,Sachin,Patil,s@gmail.com,M,7772761012,India,31/08/0569
359,Mahesh,Mane,m@gmail.com,M,7772839314,India,31/08/0565
360,Sachin,Patil,s@gmail.com,M,7772917616,India,31/08/0561
361,Mahesh,Mane,m@gmail.com,M,7772995918,India,31/08/0557
362,Sachin,Patil,s@gmail.com,M,7773074220,India,31/08/0553
363,Mahesh,Mane,m@gmail.com,M,7773152522,India,31/08/0549
364,Sachin,Patil,s@gmail.com,M,7773230824,India,31/08/0545
365,Mahesh,Mane,m@gmail.com,M,7773309126,India,31/08/0541
366,Sachin,Patil,s@gmail.com,M,7773387428,India,31/08/0537
367,Mahesh,Mane,m@gmail.com,M,7773465730,India,31/08/0533
368,Sachin,Patil,s@gmail.com,M,7773544032,India,31/08/0529
369,Mahesh,Mane,m@gmail.com,M,7773622334,India,31/08/0525
370,Sachin,Patil,s@gmail.com,M,7773700636,India,31/08/0521
371,Mahesh,Mane,m@gmail.com,M,7773778938,India,31/08/0517
372,Sachin,Patil,s@gmail.com,M,7773857240,India,31/08/0513
373,Mahesh,Mane,m@gmail.com,M,7773935542,India,31/08/0509
374,Sachin,Patil,s@gmail.com,M,7774013844,India,31/08/0505
375,Mahesh,Mane,m@gmail.com,M,7774092146,India,31/08/0501
376,Sachin,Patil,s@gmail.com,M,7774170448,India,31/08/0497
377,Mahesh,Mane,m@gmail.com,M,7774248750,India,31/08/0493
378,Sachin,Patil,s@gmail.com,M,7774327052,India,31/08/0489
379,Mahesh,Mane,m@gmail.com,M,7774405354,India,31/08/0485
380,Sachin,Patil,s@gmail.com,M,7774483656,India,31/08/0481
381,Mahesh,Mane,m@gmail.com,M,7774561958,India,31/08/0477
382,Sachin,Patil,s@gmail.com,M,7774640260,India,31/08/0473
383,Mahesh,Mane,m@gmail.com,M,7774718562,India,31/08/0469
384,Sachin,Patil,s@gmail.com,M,7774796864,India,31/08/0465
385,Mahesh,Mane,m@gmail.com,M,7774875166,India,31/08/0461
386,Sachin,Patil,s@gmail.com,M,7774953468,India,31/08/0457
387,Mahesh,Mane,m@gmail.com,M,7775031770,India,31/08/0453
388,Sachin,Patil,s@gmail.com,M,7775110072,India,31/08/0449
389,Mahesh,Mane,m@gmail.com,M,7775188374,India,31/08/0445
390,Sachin,Patil,s@gmail.com,M,7775266676,India,31/08/0441
391,Mahesh,Mane,m@gmail.com,M,7775344978,India,31/08/0437
392,Sachin,Patil,s@gmail.com,M,7775423280,India,31/08/0433
393,Mahesh,Mane,m@gmail.com,M,7775501582,India,31/08/0429
394,Sachin,Patil,s@gmail.com,M,7775579884,India,31/08/0425
395,Mahesh,Mane,m@gmail.com,M,7775658186,India,31/08/0421
396,Sachin,Patil,s@gmail.com,M,7775736488,India,31/08/0417
397,Mahesh,Mane,m@gmail.com,M,7775814790,India,31/08/0413
398,Sachin,Patil,s@gmail.com,M,7775893092,India,31/08/0409
399,Mahesh,Mane,m@gmail.com,M,7775971394,India,31/08/0405
400,Sachin,Patil,s@gmail.com,M,7776049696,India,31/08/0401
401,Mahesh,Mane,m@gmail.com,M,7776127998,India,31/08/0397
402,Sachin,Patil,s@gmail.com,M,7776206300,India,31/08/0393
403,Mahesh,Mane,m@gmail.com,M,7776284602,India,31/08/0389
404,Sachin,Patil,s@gmail.com,M,7776362904,India,31/08/0385
405,Mahesh,Mane,m@gmail.com,M,7776441206,India,31/08/0381
406,Sachin,Patil,s@gmail.com,M,7776519508,India,31/08/0377
407,Mahesh,Mane,m@gmail.com,M,7776597810,India,31/08/0373
408,Sachin,Patil,s@gmail.com,M,7776676112,India,31/08/0369
409,Mahesh,Mane,m@gmail.com,M,7776754414,India,31/08/0365
410,Sachin,Patil,s@gmail.com,M,7776832716,India,31/08/0361
411,Mahesh,Mane,m@gmail.com,M,7776911018,India,31/08/0357
412,Sachin,Patil,s@gmail.com,M,7776989320,India,31/08/0353
413,Mahesh,Mane,m@gmail.com,M,7777067622,India,31/08/0349
414,Sachin,Patil,s@gmail.com,M,7777145924,India,31/08/0345
415,Mahesh,Mane,m@gmail.com,M,7777224226,India,31/08/0341
416,Sachin,Patil,s@gmail.com,M,7777302528,India,31/08/0337
417,Mahesh,Mane,m@gmail.com,M,7777380830,India,31/08/0333
418,Sachin,Patil,s@gmail.com,M,7777459132,India,31/08/0329
419,Mahesh,Mane,m@gmail.com,M,7777537434,India,31/08/0325
420,Sachin,Patil,s@gmail.com,M,7777615736,India,31/08/0321
421,Mahesh,Mane,m@gmail.com,M,7777694038,India,31/08/0317
422,Sachin,Patil,s@gmail.com,M,7777772340,India,31/08/0313
423,Mahesh,Mane,m@gmail.com,M,7777850642,India,31/08/0309
424,Sachin,Patil,s@gmail.com,M,7777928944,India,31/08/0305
425,Mahesh,Mane,m@gmail.com,M,7778007246,India,31/08/0301
426,Sachin,Patil,s@gmail.com,M,7778085548,India,31/08/0297
427,Mahesh,Mane,m@gmail.com,M,7778163850,India,31/08/0293
428,Sachin,Patil,s@gmail.com,M,7778242152,India,31/08/0289
429,Mahesh,Mane,m@gmail.com,M,7778320454,India,31/08/0285
430,Sachin,Patil,s@gmail.com,M,7778398756,India,31/08/0281
431,Mahesh,Mane,m@gmail.com,M,7778477058,India,31/08/0277
432,Sachin,Patil,s@gmail.com,M,7778555360,India,31/08/0273
433,Mahesh,Mane,m@gmail.com,M,7778633662,India,31/08/0269
434,Sachin,Patil,s@gmail.com,M,7778711964,India,31/08/0265
435,Mahesh,Mane,m@gmail.com,M,7778790266,India,31/08/0261
436,Sachin,Patil,s@gmail.com,M,7778868568,India,31/08/0257
437,Mahesh,Mane,m@gmail.com,M,7778946870,India,31/08/0253
438,Sachin,Patil,s@gmail.com,M,7779025172,India,31/08/0249
439,Mahesh,Mane,m@gmail.com,M,7779103474,India,31/08/0245
440,Sachin,Patil,s@gmail.com,M,7779181776,India,31/08/0241
441,Mahesh,Mane,m@gmail.com,M,7779260078,India,31/08/0237